,loss,o1_loss,o2_loss,o3_loss,o1_f1,o2_f1,o3_f1,lr
0,17.905540466308594,0.5357145667076111,0.620691180229187,0.6217823624610901,0.8156981468200684,0.8147789239883423,0.8147789239883423,0.001
1,17.610164642333984,0.42439502477645874,0.6188136339187622,0.6187310814857483,0.824001669883728,0.8161651492118835,0.8161651492118835,0.001
2,17.541664123535156,0.38625603914260864,0.6188349723815918,0.6187529563903809,0.831701397895813,0.8161861896514893,0.8161861896514893,0.001
3,17.517423629760742,0.371370404958725,0.6188844442367554,0.6187896728515625,0.8344033360481262,0.816137433052063,0.816137433052063,0.001
4,17.506052017211914,0.36543330550193787,0.6188278198242188,0.6187243461608887,0.8358007669448853,0.8161007761955261,0.8161007761955261,0.001
5,17.498586654663086,0.3609268069267273,0.6188749074935913,0.6187558174133301,0.8357621431350708,0.8161946535110474,0.8161946535110474,0.001
6,17.493879318237305,0.360032856464386,0.6187286972999573,0.6186571717262268,0.835943341255188,0.8161354064941406,0.8161354064941406,0.001
7,17.491924285888672,0.35821354389190674,0.6188386082649231,0.6187227964401245,0.8355476260185242,0.8160912394523621,0.8160912394523621,0.001
8,17.485652923583984,0.35655033588409424,0.618720293045044,0.6186621189117432,0.8360410928726196,0.816128671169281,0.816128671169281,0.001
9,17.488901138305664,0.3573426604270935,0.618845522403717,0.6187294721603394,0.835820734500885,0.8161987066268921,0.8161987066268921,0.001
10,17.484447479248047,0.3556629419326782,0.6188420653343201,0.6187200546264648,0.8362097144126892,0.816213846206665,0.816213846206665,0.001
11,17.481727600097656,0.35505211353302,0.6188310384750366,0.6186913251876831,0.8358290791511536,0.8161326050758362,0.8161326050758362,0.001
12,17.481626510620117,0.35452303290367126,0.6189173460006714,0.618756115436554,0.8363471031188965,0.8162000179290771,0.8162000179290771,0.001
13,17.48012924194336,0.3549565076828003,0.6188059449195862,0.6187018752098083,0.8362904787063599,0.8161346316337585,0.8161346316337585,0.001
14,17.479856491088867,0.35482314229011536,0.6188622117042542,0.618719220161438,0.8357224464416504,0.8161929249763489,0.8161929249763489,0.001
15,17.475814819335938,0.3541127145290375,0.6187448501586914,0.6186630129814148,0.8358640074729919,0.8161822557449341,0.8161822557449341,0.001
16,17.475553512573242,0.35354799032211304,0.6188434362411499,0.6187047362327576,0.8361444473266602,0.8160821795463562,0.8160821795463562,0.001
17,17.477399826049805,0.35373249650001526,0.6189519762992859,0.6187717318534851,0.8357289433479309,0.8161652088165283,0.8161652088165283,0.001
18,17.474720001220703,0.3535710275173187,0.6188144087791443,0.6187161803245544,0.8357203006744385,0.8161199688911438,0.8161199688911438,0.001
19,17.474082946777344,0.35320544242858887,0.6188670992851257,0.6187340617179871,0.8359859585762024,0.8160642385482788,0.8160642385482788,0.001
20,17.470836639404297,0.35313814878463745,0.6187244653701782,0.6186531782150269,0.835773229598999,0.8160203099250793,0.8160203099250793,0.001
21,17.46778678894043,0.35219481587409973,0.6186773777008057,0.6186356544494629,0.8360254168510437,0.8160154223442078,0.8160154223442078,0.001
22,17.471731185913086,0.35236090421676636,0.6188954710960388,0.6187583208084106,0.8359208106994629,0.8161577582359314,0.8161577582359314,0.001
23,17.473390579223633,0.35329461097717285,0.6189303994178772,0.618752121925354,0.8360018730163574,0.8161022663116455,0.8161022663116455,0.001
24,17.46719741821289,0.35218462347984314,0.6187509894371033,0.6186424493789673,0.8362458348274231,0.8161392211914062,0.8161392211914062,0.001
25,17.470678329467773,0.3530317544937134,0.6188278198242188,0.6187121272087097,0.8364494442939758,0.8161705732345581,0.8161705732345581,0.001
26,17.467483520507812,0.35180768370628357,0.618823766708374,0.6187093257904053,0.8354713916778564,0.8161248564720154,0.8161248564720154,0.001
27,17.4691219329834,0.35216081142425537,0.6189159154891968,0.6187299489974976,0.836323082447052,0.8160524368286133,0.8160524368286133,0.001
28,17.467193603515625,0.3519299328327179,0.6188243627548218,0.6187071204185486,0.8357867002487183,0.8161736726760864,0.8161736726760864,0.001
29,17.46787452697754,0.3520435690879822,0.6188557147979736,0.6187313795089722,0.8356772065162659,0.8161581754684448,0.8161581754684448,0.001
30,17.466154098510742,0.35239481925964355,0.6187542676925659,0.6186562776565552,0.8360402584075928,0.8161497116088867,0.8161497116088867,0.001
31,17.464658737182617,0.3517081141471863,0.6187604665756226,0.6186646223068237,0.836488664150238,0.8161653280258179,0.8161653280258179,0.001
32,17.466445922851562,0.35234662890434265,0.618798553943634,0.6186878085136414,0.8350856900215149,0.8160519003868103,0.8160519003868103,0.001
33,17.464651107788086,0.35159051418304443,0.6187731027603149,0.6186947822570801,0.8361421227455139,0.8161345720291138,0.8161345720291138,0.001
34,17.46479606628418,0.3518047630786896,0.6187723278999329,0.6186943650245667,0.836293637752533,0.8161163926124573,0.8161163926124573,0.001
35,17.465988159179688,0.35249394178390503,0.6187734007835388,0.6186922192573547,0.8358842730522156,0.8160989284515381,0.8160989284515381,0.001
36,17.46286392211914,0.35137397050857544,0.6187413334846497,0.6186781525611877,0.8356229066848755,0.8161073923110962,0.8161073923110962,0.001
37,17.46353530883789,0.35181164741516113,0.6187320947647095,0.6186739802360535,0.8358020186424255,0.8161777853965759,0.8161777853965759,0.001
38,17.462970733642578,0.35151413083076477,0.6187455654144287,0.6186780333518982,0.8356444239616394,0.8161421418190002,0.8161421418190002,0.001
39,17.46152114868164,0.3515765070915222,0.618665874004364,0.6186371445655823,0.8360574245452881,0.816007673740387,0.816007673740387,0.001
40,17.461694717407227,0.3510746657848358,0.618724524974823,0.6186864972114563,0.8357393741607666,0.8161195516586304,0.8161195516586304,0.001
41,17.462963104248047,0.35203370451927185,0.6187041401863098,0.6186619400978088,0.8355600237846375,0.8161288499832153,0.8161288499832153,0.001
42,17.461145401000977,0.35123151540756226,0.6187108755111694,0.6186626553535461,0.8357847929000854,0.816020131111145,0.816020131111145,0.001
43,17.46169090270996,0.3509577214717865,0.6187776327133179,0.6187054514884949,0.8356984257698059,0.816173255443573,0.816173255443573,0.001
44,17.46227264404297,0.3513098359107971,0.618771493434906,0.6187004446983337,0.8362265825271606,0.8161414861679077,0.8161414861679077,0.001
45,17.461669921875,0.3516364097595215,0.6187222003936768,0.618660032749176,0.8356216549873352,0.8161295652389526,0.8161295652389526,0.001
46,17.461143493652344,0.3511645197868347,0.6187334656715393,0.6186944842338562,0.835776686668396,0.8161686658859253,0.8161686658859253,0.001
47,17.460506439208984,0.3515050411224365,0.6186845302581787,0.6186429858207703,0.8356956839561462,0.8161541819572449,0.8161541819572449,0.001
48,17.459985733032227,0.3512745201587677,0.6186783313751221,0.6186545491218567,0.8361835479736328,0.816148042678833,0.816148042678833,0.001
49,17.455984115600586,0.35017284750938416,0.6186190247535706,0.6185969710350037,0.8353783488273621,0.8161722421646118,0.8161722421646118,0.00025
50,17.455827713012695,0.3500204384326935,0.6186161637306213,0.6186093091964722,0.8353089094161987,0.8161719441413879,0.8161719441413879,0.00025
51,17.45551872253418,0.34998100996017456,0.6186126470565796,0.6186026334762573,0.8352935314178467,0.8160979747772217,0.8160979747772217,0.00025
52,17.45575714111328,0.3501168489456177,0.6186134815216064,0.618603527545929,0.8354341387748718,0.8162636160850525,0.8162636160850525,0.00025
53,17.45598602294922,0.3500272333621979,0.6186339259147644,0.6186183094978333,0.8354543447494507,0.8161742091178894,0.8161742091178894,0.00025
54,17.455501556396484,0.3500554859638214,0.618610680103302,0.6186007857322693,0.835160493850708,0.8161944150924683,0.8161944150924683,0.00025
55,17.45543098449707,0.3500789701938629,0.6186082363128662,0.6185988187789917,0.8353509306907654,0.8160799741744995,0.8160799741744995,0.00025
56,17.45578384399414,0.35031625628471375,0.6186031699180603,0.6185940504074097,0.8356516361236572,0.8161463737487793,0.8161463737487793,0.00025
57,17.45509147644043,0.3498852550983429,0.6186150908470154,0.6186040043830872,0.8356634974479675,0.8161734342575073,0.8161734342575073,0.00025
58,17.455345153808594,0.35000911355018616,0.6186165809631348,0.6186049580574036,0.8352891206741333,0.81625896692276,0.81625896692276,0.00025
59,17.455963134765625,0.35011884570121765,0.6186367273330688,0.6186190247535706,0.8352788090705872,0.8161501288414001,0.8161501288414001,0.00025
60,17.455337524414062,0.3500009775161743,0.618620753288269,0.6186078786849976,0.8353261947631836,0.8162224888801575,0.8162224888801575,0.00025
61,17.454896926879883,0.3499123752117157,0.618608832359314,0.6186007857322693,0.835435152053833,0.8162100911140442,0.8162100911140442,0.00025
62,17.454999923706055,0.3501158356666565,0.6185988783836365,0.6185922622680664,0.8355620503425598,0.8162192702293396,0.8162192702293396,0.00025
63,17.45538330078125,0.350048303604126,0.6186231970787048,0.618609607219696,0.8355912566184998,0.8161224722862244,0.8161224722862244,0.00025
64,17.45526123046875,0.35007983446121216,0.618614137172699,0.6186042428016663,0.835025429725647,0.816214382648468,0.816214382648468,0.00025
65,17.455080032348633,0.35014665126800537,0.6186075210571289,0.6185951828956604,0.8352830410003662,0.8161219954490662,0.8161219954490662,0.00025
66,17.454980850219727,0.3501104712486267,0.6186010837554932,0.6185943484306335,0.8354087471961975,0.8161610960960388,0.8161610960960388,0.00025
67,17.45509910583496,0.3501008152961731,0.6186123490333557,0.6186017394065857,0.835237443447113,0.8160791397094727,0.8160791397094727,0.00025
68,17.454273223876953,0.3498522937297821,0.6185996532440186,0.6185920834541321,0.8350663185119629,0.8161796927452087,0.8161796927452087,0.00025
69,17.45435905456543,0.3499951660633087,0.6185907125473022,0.6185879707336426,0.8354124426841736,0.8160876631736755,0.8160876631736755,0.00025
70,17.455324172973633,0.3501325845718384,0.6186251640319824,0.6186105012893677,0.83528071641922,0.8161017894744873,0.8161017894744873,0.00025
71,17.45452308654785,0.3500083088874817,0.6186009645462036,0.6185926795005798,0.8352025151252747,0.8161212205886841,0.8161212205886841,0.00025
72,17.454519271850586,0.349909245967865,0.6186105608940125,0.6186006665229797,0.8353492617607117,0.8161773681640625,0.8161773681640625,0.00025
73,17.454195022583008,0.3499498963356018,0.6185950040817261,0.6185872554779053,0.8354379534721375,0.81608647108078,0.81608647108078,0.00025
74,17.4543514251709,0.3499529957771301,0.6186022162437439,0.6185939311981201,0.8352519869804382,0.8161319494247437,0.8161319494247437,0.00025
75,17.454835891723633,0.3500133156776428,0.6186205148696899,0.6186091303825378,0.8352466821670532,0.8161244988441467,0.8161244988441467,0.00025
76,17.45424461364746,0.3499898910522461,0.6185992360115051,0.618590772151947,0.8354253172874451,0.8162115216255188,0.8162115216255188,0.00025
77,17.454622268676758,0.3501332104206085,0.6186017990112305,0.6185927987098694,0.8354349732398987,0.8161016702651978,0.8161016702651978,0.00025
78,17.453895568847656,0.3499458432197571,0.6185903549194336,0.6185833215713501,0.8354658484458923,0.8161637187004089,0.8161637187004089,0.00025
79,17.454483032226562,0.3500034213066101,0.6186070442199707,0.6186001300811768,0.8351209163665771,0.8161598443984985,0.8161598443984985,0.00025
80,17.453081130981445,0.3500462770462036,0.6185489892959595,0.6185469031333923,0.8352800011634827,0.8161985278129578,0.8161985278129578,0.00025
81,17.454389572143555,0.34983202815055847,0.6186239123344421,0.6186140775680542,0.8352676630020142,0.8162102103233337,0.8162102103233337,0.00025
82,17.453886032104492,0.3499585688114166,0.6185926795005798,0.6185861825942993,0.8356257081031799,0.8160718679428101,0.8160718679428101,0.00025
83,17.454044342041016,0.34982630610466003,0.6186080574989319,0.6186033487319946,0.8354355096817017,0.8162189722061157,0.8162189722061157,0.00025
84,17.453840255737305,0.34986451268196106,0.6185974478721619,0.6185919642448425,0.8354122042655945,0.8162374496459961,0.8162374496459961,0.00025
85,17.45390510559082,0.34987276792526245,0.6186034679412842,0.6185948848724365,0.8355439305305481,0.8161280155181885,0.8161280155181885,0.00025
86,17.45404052734375,0.34979844093322754,0.6186169385910034,0.6186050176620483,0.8355939388275146,0.8160662055015564,0.8160662055015564,0.00025
87,17.454273223876953,0.3499988913536072,0.6186116933822632,0.6186010837554932,0.8351777791976929,0.8160107731819153,0.8160107731819153,0.00025
88,17.45412826538086,0.34984421730041504,0.6186193823814392,0.618606686592102,0.8352420330047607,0.8161535263061523,0.8161535263061523,0.00025
89,17.454195022583008,0.3499988317489624,0.6186091899871826,0.6185985207557678,0.8353524208068848,0.8160967826843262,0.8160967826843262,0.00025
90,17.45368194580078,0.34974274039268494,0.618610143661499,0.6186028122901917,0.8352890014648438,0.8162409663200378,0.8162409663200378,0.00025
91,17.453632354736328,0.3497903048992157,0.6186032891273499,0.6185963749885559,0.8354635834693909,0.8161110281944275,0.8161110281944275,0.00025
92,17.454235076904297,0.3499002158641815,0.6186248064041138,0.6186114549636841,0.8355939984321594,0.8160630464553833,0.8160630464553833,0.00025
93,17.453603744506836,0.3498292863368988,0.6186004281044006,0.6185943484306335,0.8353576064109802,0.8161173462867737,0.8161173462867737,0.00025
94,17.453210830688477,0.34981656074523926,0.6185873746871948,0.6185804009437561,0.8354017734527588,0.8161676526069641,0.8161676526069641,0.00025
95,17.45387077331543,0.34988123178482056,0.6186067461967468,0.6186004281044006,0.8355128169059753,0.8160600662231445,0.8160600662231445,0.00025
96,17.454360961914062,0.3499090075492859,0.6186294555664062,0.6186171770095825,0.8354008197784424,0.8161963224411011,0.8161963224411011,0.00025
97,17.453750610351562,0.34994858503341675,0.6186027526855469,0.6185948848724365,0.8354133367538452,0.8161494731903076,0.8161494731903076,0.00025
98,17.45338249206543,0.34977424144744873,0.6185996532440186,0.6185942888259888,0.8351325988769531,0.8161633610725403,0.8161633610725403,0.00025
99,17.452613830566406,0.34953370690345764,0.6185945868492126,0.6185873746871948,0.8351396918296814,0.816145658493042,0.816145658493042,6.25e-05
100,17.452396392822266,0.3495097756385803,0.6185831427574158,0.6185807585716248,0.8351691961288452,0.8160256147384644,0.8160256147384644,6.25e-05
101,17.452167510986328,0.3494551479816437,0.6185795068740845,0.6185775399208069,0.8353993892669678,0.8161250352859497,0.8161250352859497,6.25e-05
102,17.452274322509766,0.3495096266269684,0.618578314781189,0.6185762882232666,0.8354636430740356,0.8162471055984497,0.8162471055984497,6.25e-05
103,17.452316284179688,0.34950581192970276,0.618582010269165,0.6185787320137024,0.835427463054657,0.8160958290100098,0.8160958290100098,6.25e-05
104,17.452482223510742,0.3495676815509796,0.6185840964317322,0.6185805797576904,0.8352127075195312,0.8161448240280151,0.8161448240280151,6.25e-05
105,17.452247619628906,0.34948018193244934,0.618582010269165,0.6185792684555054,0.8353276252746582,0.8161756992340088,0.8161756992340088,6.25e-05
106,17.452342987060547,0.3495234549045563,0.6185817122459412,0.6185788512229919,0.8350272178649902,0.8161901235580444,0.8161901235580444,6.25e-05
107,17.452190399169922,0.34948495030403137,0.6185773015022278,0.6185755729675293,0.8350139856338501,0.8161314725875854,0.8161314725875854,6.25e-05
108,17.452281951904297,0.3495029807090759,0.6185826659202576,0.6185792684555054,0.8349856734275818,0.8161696195602417,0.8161696195602417,6.25e-05
109,17.45233726501465,0.3495059609413147,0.618584930896759,0.6185811161994934,0.8353567719459534,0.8161562085151672,0.8161562085151672,6.25e-05
110,17.452451705932617,0.34955963492393494,0.6185854077339172,0.6185812950134277,0.8350031971931458,0.8160730600357056,0.8160730600357056,6.25e-05
111,17.452007293701172,0.3494223654270172,0.6185768842697144,0.6185766458511353,0.8350732922554016,0.8161173462867737,0.8161173462867737,6.25e-05
112,17.452312469482422,0.34950023889541626,0.6185846924781799,0.6185799241065979,0.835317850112915,0.816227912902832,0.816227912902832,6.25e-05
113,17.452083587646484,0.3494243621826172,0.6185800433158875,0.6185787320137024,0.8349106311798096,0.816089391708374,0.816089391708374,6.25e-05
114,17.452272415161133,0.34950152039527893,0.6185832023620605,0.6185801029205322,0.8351264595985413,0.8162075877189636,0.8162075877189636,6.25e-05
115,17.452363967895508,0.34952035546302795,0.6185850501060486,0.6185808777809143,0.8353065252304077,0.816196084022522,0.816196084022522,6.25e-05
116,17.452205657958984,0.34949037432670593,0.6185814738273621,0.6185788512229919,0.8350782990455627,0.8161848783493042,0.8161848783493042,6.25e-05
117,17.452211380004883,0.3495430648326874,0.6185774207115173,0.6185755133628845,0.8351584672927856,0.8161783814430237,0.8161783814430237,6.25e-05
118,17.45209503173828,0.3494666814804077,0.6185793280601501,0.6185771822929382,0.8351781368255615,0.8161008954048157,0.8161008954048157,6.25e-05
119,17.452064514160156,0.3494483232498169,0.6185806393623352,0.6185778975486755,0.8353378772735596,0.8160984516143799,0.8160984516143799,6.25e-05
120,17.45211410522461,0.34948065876960754,0.6185804009437561,0.6185782551765442,0.8349955081939697,0.8161285519599915,0.8161285519599915,6.25e-05
121,17.45209312438965,0.34945422410964966,0.6185817718505859,0.6185783743858337,0.8349451422691345,0.8161258101463318,0.8161258101463318,6.25e-05
122,17.452054977416992,0.34945324063301086,0.6185793280601501,0.6185774207115173,0.8351626992225647,0.8161285519599915,0.8161285519599915,6.25e-05
123,17.45208168029785,0.3494521677494049,0.6185827255249023,0.6185795068740845,0.8349716067314148,0.8161441683769226,0.8161441683769226,6.25e-05
124,17.452096939086914,0.3494757115840912,0.6185792088508606,0.618577241897583,0.8352199196815491,0.8161603808403015,0.8161603808403015,6.25e-05
125,17.45213508605957,0.3494451642036438,0.618586003780365,0.6185823082923889,0.835372269153595,0.8161887526512146,0.8161887526512146,6.25e-05
126,17.452112197875977,0.349477082490921,0.6185817718505859,0.6185781359672546,0.8352354168891907,0.8161948919296265,0.8161948919296265,6.25e-05
127,17.452335357666016,0.34947678446769714,0.6185917854309082,0.6185867190361023,0.835242748260498,0.8160482048988342,0.8160482048988342,6.25e-05
128,17.45221519470215,0.34951117634773254,0.6185842752456665,0.6185805797576904,0.8353524208068848,0.8160935640335083,0.8160935640335083,6.25e-05
129,17.452030181884766,0.3494494557380676,0.6185798048973083,0.6185780167579651,0.8349995613098145,0.8161735534667969,0.8161735534667969,6.25e-05
130,17.452163696289062,0.34948885440826416,0.6185845732688904,0.6185806393623352,0.8351086974143982,0.8162044286727905,0.8162044286727905,6.25e-05
131,17.452301025390625,0.34951379895210266,0.6185879111289978,0.6185839772224426,0.835033118724823,0.8160919547080994,0.8160919547080994,6.25e-05
132,17.45212173461914,0.3494756519794464,0.6185839772224426,0.6185805201530457,0.8351113796234131,0.8161371350288391,0.8161371350288391,6.25e-05
133,17.45209503173828,0.34948673844337463,0.6185812950134277,0.6185785531997681,0.8350692391395569,0.8161224722862244,0.8161224722862244,6.25e-05
134,17.452009201049805,0.34946784377098083,0.6185798645019531,0.6185778379440308,0.8352999091148376,0.8161212205886841,0.8161212205886841,6.25e-05
135,17.452016830444336,0.3494691550731659,0.6185811161994934,0.6185781955718994,0.8352518081665039,0.8161714673042297,0.8161714673042297,6.25e-05
136,17.45200538635254,0.3494221270084381,0.6185835003852844,0.6185800433158875,0.8352355360984802,0.8161532878875732,0.8161532878875732,6.25e-05
137,17.4519100189209,0.3494313061237335,0.6185795068740845,0.6185773015022278,0.8352960348129272,0.816183865070343,0.816183865070343,6.25e-05
138,17.452091217041016,0.3494928777217865,0.6185837984085083,0.6185802817344666,0.8351021409034729,0.816129744052887,0.816129744052887,6.25e-05
139,17.451932907104492,0.34944429993629456,0.6185801029205322,0.6185778975486755,0.8351889848709106,0.816116213798523,0.816116213798523,6.25e-05
140,17.452011108398438,0.349494993686676,0.6185797452926636,0.6185774207115173,0.8350145220756531,0.816154956817627,0.816154956817627,6.25e-05
141,17.452001571655273,0.34944018721580505,0.6185843348503113,0.6185806393623352,0.8351796269416809,0.8159210681915283,0.8159210681915283,6.25e-05
142,17.451814651489258,0.34940868616104126,0.6185781955718994,0.6185764074325562,0.8355165719985962,0.8161136507987976,0.8161136507987976,6.25e-05
143,17.451810836791992,0.3494197130203247,0.6185756325721741,0.6185755729675293,0.835220456123352,0.8161848187446594,0.8161848187446594,6.25e-05
144,17.451953887939453,0.3494592308998108,0.6185818910598755,0.6185788512229919,0.8351572751998901,0.8161668181419373,0.8161668181419373,6.25e-05
145,17.451936721801758,0.34944042563438416,0.6185822486877441,0.6185785531997681,0.8352570533752441,0.816188633441925,0.816188633441925,6.25e-05
146,17.451967239379883,0.3494824767112732,0.6185803413391113,0.618577778339386,0.8351653814315796,0.8161947131156921,0.8161947131156921,6.25e-05
147,17.452014923095703,0.34945300221443176,0.6185844540596008,0.6185805201530457,0.8352957963943481,0.8161737322807312,0.8161737322807312,6.25e-05
148,17.45205307006836,0.34951314330101013,0.6185805201530457,0.6185781955718994,0.8351489901542664,0.8161343932151794,0.8161343932151794,6.25e-05
149,17.451553344726562,0.3493475019931793,0.6185742020606995,0.6185733079910278,0.8351455926895142,0.8160858154296875,0.8160858154296875,1.5625e-05
150,17.451499938964844,0.34933149814605713,0.6185727119445801,0.6185721755027771,0.8349708318710327,0.8160214424133301,0.8160214424133301,1.5625e-05
151,17.451539993286133,0.34935474395751953,0.6185741424560547,0.6185733079910278,0.8351923227310181,0.8161975741386414,0.8161975741386414,1.5625e-05
152,17.45151710510254,0.3493431806564331,0.6185727715492249,0.6185723543167114,0.8352369070053101,0.8161761164665222,0.8161761164665222,1.5625e-05
153,17.45162010192871,0.3493809103965759,0.618574321269989,0.618572473526001,0.8352136611938477,0.8160577416419983,0.8160577416419983,1.5625e-05
154,17.451522827148438,0.34935036301612854,0.6185733079910278,0.6185726523399353,0.8350883722305298,0.8160361647605896,0.8160361647605896,1.5625e-05
155,17.451580047607422,0.34936782717704773,0.6185732483863831,0.6185723543167114,0.8349006175994873,0.8161309361457825,0.8161309361457825,1.5625e-05
156,17.451520919799805,0.3493488132953644,0.6185727715492249,0.6185719966888428,0.8349878787994385,0.8161721229553223,0.8161721229553223,1.5625e-05
157,17.451534271240234,0.34935715794563293,0.6185732483863831,0.6185726523399353,0.8352907299995422,0.8161632418632507,0.8161632418632507,1.5625e-05
158,17.45150375366211,0.3493492901325226,0.6185718774795532,0.6185712218284607,0.8349875211715698,0.816168487071991,0.816168487071991,1.5625e-05
159,17.451509475708008,0.34935832023620605,0.6185722947120667,0.618570864200592,0.8351794481277466,0.8160883188247681,0.8160883188247681,1.5625e-05
160,17.4515438079834,0.3493547737598419,0.6185738444328308,0.6185731291770935,0.8352711796760559,0.8161764144897461,0.8161764144897461,1.5625e-05
161,17.451444625854492,0.3493247926235199,0.6185728907585144,0.6185719966888428,0.8350341320037842,0.8162171244621277,0.8162171244621277,1.5625e-05
162,17.451488494873047,0.3493228852748871,0.6185747385025024,0.6185736656188965,0.8350661993026733,0.8161515593528748,0.8161515593528748,1.5625e-05
163,17.451486587524414,0.3493346869945526,0.6185731291770935,0.6185719966888428,0.8352512717247009,0.8160184025764465,0.8160184025764465,1.5625e-05
164,17.451526641845703,0.3493552803993225,0.6185734868049622,0.618572473526001,0.8351556658744812,0.8160741329193115,0.8160741329193115,1.5625e-05
165,17.451555252075195,0.3493563234806061,0.6185749173164368,0.6185731887817383,0.8351593017578125,0.816135048866272,0.816135048866272,1.5625e-05
166,17.451557159423828,0.34936830401420593,0.6185733079910278,0.6185725927352905,0.8351268172264099,0.816127359867096,0.816127359867096,1.5625e-05
167,17.45149803161621,0.3493485450744629,0.6185734868049622,0.6185719966888428,0.8351543545722961,0.8161384463310242,0.8161384463310242,1.5625e-05
168,17.45151710510254,0.3493606150150299,0.6185727715492249,0.6185717582702637,0.8353039026260376,0.8161514401435852,0.8161514401435852,1.5625e-05
169,17.4515438079834,0.349362850189209,0.6185734272003174,0.6185720562934875,0.8352996110916138,0.8161399960517883,0.8161399960517883,1.5625e-05
170,17.451465606689453,0.34934136271476746,0.6185726523399353,0.6185721158981323,0.8352202773094177,0.8162900805473328,0.8162900805473328,1.5625e-05
171,17.45149040222168,0.34934544563293457,0.6185732483863831,0.6185721158981323,0.8350161910057068,0.8162368535995483,0.8162368535995483,1.5625e-05
172,17.451539993286133,0.3493610918521881,0.6185732483863831,0.6185725331306458,0.835336446762085,0.8162010312080383,0.8162010312080383,1.5625e-05
173,17.45148277282715,0.3493482172489166,0.6185730695724487,0.6185724139213562,0.8348023891448975,0.8160490989685059,0.8160490989685059,1.5625e-05
174,17.45148468017578,0.3493437170982361,0.6185734272003174,0.6185721755027771,0.8350425362586975,0.8161916732788086,0.8161916732788086,1.5625e-05
175,17.451520919799805,0.3493589758872986,0.6185736060142517,0.618572473526001,0.835277795791626,0.8161265254020691,0.8161265254020691,1.5625e-05
176,17.45148277282715,0.3493453860282898,0.6185728907585144,0.6185719966888428,0.8352838158607483,0.8161267042160034,0.8161267042160034,1.5625e-05
177,17.451488494873047,0.3493451178073883,0.6185734868049622,0.618572473526001,0.8350217938423157,0.8161756992340088,0.8161756992340088,1.5625e-05
178,17.45146369934082,0.34934529662132263,0.6185730695724487,0.6185719966888428,0.835268497467041,0.8161067366600037,0.8161067366600037,1.5625e-05
179,17.451473236083984,0.3493429124355316,0.6185734272003174,0.6185722947120667,0.8351491689682007,0.8161372542381287,0.8161372542381287,1.5625e-05
180,17.451492309570312,0.349342942237854,0.6185735464096069,0.6185727715492249,0.8351362943649292,0.8161622881889343,0.8161622881889343,1.5625e-05
181,17.451461791992188,0.3493380844593048,0.6185732483863831,0.6185721755027771,0.8349666595458984,0.8161613941192627,0.8161613941192627,1.5625e-05
182,17.451457977294922,0.34932956099510193,0.6185738444328308,0.6185725927352905,0.8354128003120422,0.8161171078681946,0.8161171078681946,1.5625e-05
183,17.451454162597656,0.34934791922569275,0.6185723543167114,0.618571937084198,0.8349816203117371,0.8162548542022705,0.8162548542022705,1.5625e-05
184,17.451419830322266,0.34932607412338257,0.6185718178749084,0.6185712218284607,0.8350836038589478,0.8162278532981873,0.8162278532981873,1.5625e-05
185,17.451494216918945,0.3493494689464569,0.6185735464096069,0.6185725331306458,0.8355329632759094,0.816139280796051,0.816139280796051,1.5625e-05
186,17.451417922973633,0.3493194282054901,0.618573784828186,0.6185730695724487,0.8351142406463623,0.8161319494247437,0.8161319494247437,1.5625e-05
187,17.451438903808594,0.349328875541687,0.6185728907585144,0.6185718774795532,0.8348833918571472,0.8161286115646362,0.8161286115646362,1.5625e-05
188,17.451438903808594,0.34934189915657043,0.6185727119445801,0.6185718774795532,0.8351665735244751,0.8162201046943665,0.8162201046943665,1.5625e-05
189,17.45140838623047,0.3493223190307617,0.618572473526001,0.6185719966888428,0.8349137306213379,0.8161635398864746,0.8161635398864746,1.5625e-05
190,17.451467514038086,0.349348247051239,0.6185730695724487,0.6185721755027771,0.8352134227752686,0.8161901235580444,0.8161901235580444,1.5625e-05
191,17.45146369934082,0.349331796169281,0.6185737252235413,0.6185728907585144,0.8352422714233398,0.8161181807518005,0.8161181807518005,1.5625e-05
192,17.45148468017578,0.3493552505970001,0.6185738444328308,0.6185722947120667,0.8351886868476868,0.8161190748214722,0.8161190748214722,1.5625e-05
193,17.451519012451172,0.3493635952472687,0.6185747385025024,0.6185732483863831,0.835283100605011,0.8161178827285767,0.8161178827285767,1.5625e-05
194,17.451461791992188,0.34934619069099426,0.6185731887817383,0.6185724139213562,0.8349946141242981,0.8162039518356323,0.8162039518356323,1.5625e-05
195,17.451475143432617,0.34935253858566284,0.6185737252235413,0.6185725331306458,0.8350513577461243,0.8161072134971619,0.8161072134971619,1.5625e-05
196,17.451457977294922,0.3493441939353943,0.6185729503631592,0.6185723543167114,0.8352950215339661,0.8161618113517761,0.8161618113517761,1.5625e-05
197,17.45145606994629,0.34934568405151367,0.6185728907585144,0.6185720562934875,0.8350807428359985,0.8162029981613159,0.8162029981613159,1.5625e-05
198,17.451414108276367,0.34933289885520935,0.6185721755027771,0.6185716390609741,0.8354359269142151,0.8162274956703186,0.8162274956703186,1.5625e-05
199,17.451345443725586,0.34932059049606323,0.6185706257820129,0.6185701489448547,0.8353357911109924,0.8161592483520508,0.8161592483520508,3.90625e-06
200,17.45132827758789,0.34931060671806335,0.6185708045959473,0.6185702085494995,0.8351982235908508,0.816194474697113,0.816194474697113,3.90625e-06
201,17.451343536376953,0.3493178188800812,0.6185704469680786,0.6185708045959473,0.8351016640663147,0.8161569833755493,0.8161569833755493,3.90625e-06
202,17.45133399963379,0.3493114113807678,0.6185708045959473,0.6185701489448547,0.8351383805274963,0.8161061406135559,0.8161061406135559,3.90625e-06
203,17.451345443725586,0.34931522607803345,0.6185709834098816,0.6185706853866577,0.8351215124130249,0.8161497116088867,0.8161497116088867,3.90625e-06
204,17.4512996673584,0.34930720925331116,0.6185700297355652,0.6185703277587891,0.8353170156478882,0.8161830902099609,0.8161830902099609,3.90625e-06
205,17.451345443725586,0.3493109941482544,0.6185713410377502,0.6185706257820129,0.835126519203186,0.8160985112190247,0.8160985112190247,3.90625e-06
206,17.451311111450195,0.34930554032325745,0.6185704469680786,0.6185706257820129,0.8351120948791504,0.8161705136299133,0.8161705136299133,3.90625e-06
207,17.451322555541992,0.3493128716945648,0.6185708045959473,0.6185702681541443,0.8352801203727722,0.8160869479179382,0.8160869479179382,3.90625e-06
208,17.451330184936523,0.34931352734565735,0.6185709238052368,0.6185700297355652,0.8352929353713989,0.816175103187561,0.816175103187561,3.90625e-06
209,17.451343536376953,0.3493162989616394,0.6185711622238159,0.6185707449913025,0.8350499272346497,0.8161373138427734,0.8161373138427734,3.90625e-06
210,17.451339721679688,0.3493157625198364,0.6185706853866577,0.6185707449913025,0.8351307511329651,0.8161737322807312,0.8161737322807312,3.90625e-06
211,17.451322555541992,0.3493083417415619,0.6185702681541443,0.6185703873634338,0.8351678252220154,0.8160817623138428,0.8160817623138428,3.90625e-06
212,17.451311111450195,0.349311500787735,0.6185706257820129,0.6185705065727234,0.8352769613265991,0.8160939812660217,0.8160939812660217,3.90625e-06
213,17.451316833496094,0.34931090474128723,0.6185707449913025,0.6185705065727234,0.8351345658302307,0.8161805272102356,0.8161805272102356,3.90625e-06
214,17.45132827758789,0.34931111335754395,0.6185706853866577,0.6185705065727234,0.8352189064025879,0.816127598285675,0.816127598285675,3.90625e-06
215,17.451316833496094,0.34931227564811707,0.618570864200592,0.6185702681541443,0.8351180553436279,0.8160925507545471,0.8160925507545471,3.90625e-06
216,17.451337814331055,0.34931591153144836,0.6185705065727234,0.6185701489448547,0.8353350758552551,0.8161277174949646,0.8161277174949646,3.90625e-06
217,17.45130157470703,0.34930136799812317,0.6185706853866577,0.6185703277587891,0.835250973701477,0.8161382079124451,0.8161382079124451,3.90625e-06
218,17.451324462890625,0.3493119180202484,0.6185702681541443,0.6185702681541443,0.8351888060569763,0.8161781430244446,0.8161781430244446,3.90625e-06
219,17.451316833496094,0.34931236505508423,0.6185704469680786,0.6185703873634338,0.8350669741630554,0.8161881566047668,0.8161881566047668,3.90625e-06
220,17.451322555541992,0.3493063151836395,0.6185703277587891,0.6185702681541443,0.8352457284927368,0.8161249756813049,0.8161249756813049,3.90625e-06
221,17.451339721679688,0.3493155837059021,0.6185709238052368,0.6185706853866577,0.8352223634719849,0.8161473870277405,0.8161473870277405,3.90625e-06
222,17.451324462890625,0.3493087589740753,0.6185711622238159,0.6185704469680786,0.835086464881897,0.8160881996154785,0.8160881996154785,3.90625e-06
223,17.451309204101562,0.3493095934391022,0.6185706853866577,0.6185707449913025,0.8353119492530823,0.8162254095077515,0.8162254095077515,3.90625e-06
224,17.45133399963379,0.3493097424507141,0.618570864200592,0.6185708045959473,0.8352760672569275,0.8160852193832397,0.8160852193832397,3.90625e-06
225,17.45132064819336,0.3493129014968872,0.6185703873634338,0.6185706257820129,0.835068941116333,0.8161517977714539,0.8161517977714539,3.90625e-06
226,17.451309204101562,0.34930887818336487,0.6185702681541443,0.61857008934021,0.8351817727088928,0.8160719871520996,0.8160719871520996,3.90625e-06
227,17.45130729675293,0.34930336475372314,0.61857008934021,0.6185700297355652,0.8352338075637817,0.8161270022392273,0.8161270022392273,3.90625e-06
228,17.45130729675293,0.34930622577667236,0.6185701489448547,0.6185704469680786,0.8350408673286438,0.816185712814331,0.816185712814331,3.90625e-06
229,17.45133399963379,0.34931623935699463,0.6185707449913025,0.618570864200592,0.8351390957832336,0.816105306148529,0.816105306148529,3.90625e-06
230,17.451332092285156,0.3493126928806305,0.6185706257820129,0.6185703873634338,0.835165798664093,0.8161045908927917,0.8161045908927917,3.90625e-06
231,17.451311111450195,0.3493078649044037,0.6185708045959473,0.6185703277587891,0.834945023059845,0.8161739110946655,0.8161739110946655,3.90625e-06
232,17.451318740844727,0.34931105375289917,0.6185706853866577,0.6185706853866577,0.8351026177406311,0.816145122051239,0.816145122051239,3.90625e-06
233,17.451337814331055,0.3493157923221588,0.6185709834098816,0.6185706853866577,0.835125207901001,0.8161720633506775,0.8161720633506775,3.90625e-06
234,17.45132064819336,0.3493117690086365,0.6185707449913025,0.6185701489448547,0.835034191608429,0.8161941170692444,0.8161941170692444,3.90625e-06
235,17.451309204101562,0.3493068516254425,0.6185706257820129,0.6185706257820129,0.8352776169776917,0.8161286115646362,0.8161286115646362,3.90625e-06
236,17.45131492614746,0.3493095636367798,0.6185705065727234,0.6185703277587891,0.8352466225624084,0.816180944442749,0.816180944442749,3.90625e-06
237,17.451326370239258,0.34931039810180664,0.6185706853866577,0.6185703873634338,0.8353202939033508,0.8161176443099976,0.8161176443099976,3.90625e-06
238,17.451318740844727,0.3493101894855499,0.6185701489448547,0.6185704469680786,0.8349024653434753,0.8162280917167664,0.8162280917167664,3.90625e-06
239,17.45130729675293,0.34930798411369324,0.6185707449913025,0.6185703873634338,0.835159182548523,0.8162285089492798,0.8162285089492798,3.90625e-06
240,17.451324462890625,0.3493107259273529,0.6185703873634338,0.6185704469680786,0.8353360891342163,0.8161716461181641,0.8161716461181641,3.90625e-06
241,17.451303482055664,0.34930723905563354,0.6185703277587891,0.6185709834098816,0.8351132869720459,0.8161285519599915,0.8161285519599915,3.90625e-06
242,17.451316833496094,0.3493123948574066,0.618570864200592,0.6185706853866577,0.8350266814231873,0.8161917328834534,0.8161917328834534,3.90625e-06
243,17.451318740844727,0.34931161999702454,0.6185707449913025,0.6185704469680786,0.8353533744812012,0.816156268119812,0.816156268119812,3.90625e-06
244,17.451313018798828,0.3493136167526245,0.6185705065727234,0.6185702681541443,0.8351397514343262,0.8161464333534241,0.8161464333534241,3.90625e-06
245,17.45130157470703,0.3493068814277649,0.6185699105262756,0.6185700297355652,0.8352925181388855,0.8161933422088623,0.8161933422088623,3.90625e-06
246,17.45131492614746,0.3493114709854126,0.6185708045959473,0.6185706853866577,0.8352242112159729,0.8161779046058655,0.8161779046058655,3.90625e-06
247,17.45131492614746,0.349309504032135,0.6185706853866577,0.6185703873634338,0.8350883722305298,0.8162596225738525,0.8162596225738525,3.90625e-06
248,17.451318740844727,0.34931376576423645,0.6185705065727234,0.6185703873634338,0.8350069522857666,0.8161677122116089,0.8161677122116089,3.90625e-06
249,17.451295852661133,0.3493044376373291,0.6185703873634338,0.6185700297355652,0.8352420926094055,0.816123902797699,0.816123902797699,9.765625e-07
250,17.4512939453125,0.3493019640445709,0.6185699105262756,0.6185700297355652,0.8351138830184937,0.8161099553108215,0.8161099553108215,9.765625e-07
251,17.451276779174805,0.3493013083934784,0.6185704469680786,0.6185700297355652,0.83501797914505,0.8161411881446838,0.8161411881446838,9.765625e-07
252,17.451278686523438,0.34930065274238586,0.6185705065727234,0.6185697317123413,0.8351840972900391,0.8162620067596436,0.8162620067596436,9.765625e-07
253,17.45127296447754,0.34930095076560974,0.6185698509216309,0.6185699105262756,0.8351686596870422,0.8161227107048035,0.8161227107048035,9.765625e-07
254,17.451278686523438,0.3493010699748993,0.6185699105262756,0.6185698509216309,0.8352646827697754,0.8161303400993347,0.8161303400993347,9.765625e-07
255,17.451278686523438,0.34930068254470825,0.6185702681541443,0.6185696721076965,0.8351358771324158,0.8161805272102356,0.8161805272102356,9.765625e-07
256,17.451274871826172,0.3492997884750366,0.6185700297355652,0.6185697913169861,0.8353001475334167,0.8161826729774475,0.8161826729774475,9.765625e-07
257,17.451278686523438,0.34930017590522766,0.6185702085494995,0.6185700297355652,0.8352345824241638,0.8161278367042542,0.8161278367042542,9.765625e-07
258,17.451284408569336,0.34930089116096497,0.6185698509216309,0.6185699105262756,0.8351545929908752,0.816110372543335,0.816110372543335,9.765625e-07
259,17.451284408569336,0.3493008613586426,0.6185696125030518,0.6185699105262756,0.8350112438201904,0.8162190914154053,0.8162190914154053,9.765625e-07
260,17.451276779174805,0.34930098056793213,0.61857008934021,0.61857008934021,0.8350868225097656,0.8161138892173767,0.8161138892173767,9.765625e-07
261,17.451278686523438,0.3493008613586426,0.61857008934021,0.6185697317123413,0.8352915644645691,0.816209077835083,0.816209077835083,9.765625e-07
262,17.451265335083008,0.3492991626262665,0.61857008934021,0.6185697913169861,0.8351332545280457,0.8161811828613281,0.8161811828613281,9.765625e-07
263,17.451284408569336,0.34930047392845154,0.6185699105262756,0.6185696125030518,0.8354456424713135,0.8161419034004211,0.8161419034004211,9.765625e-07
264,17.45128059387207,0.34930017590522766,0.6185698509216309,0.6185699105262756,0.834998369216919,0.8161590695381165,0.8161590695381165,9.765625e-07
265,17.45128059387207,0.34930092096328735,0.6185696721076965,0.6185701489448547,0.8350599408149719,0.8161251544952393,0.8161251544952393,9.765625e-07
266,17.451274871826172,0.34930020570755005,0.61857008934021,0.6185702085494995,0.8352199196815491,0.8161130547523499,0.8161130547523499,9.765625e-07
267,17.451284408569336,0.3493008613586426,0.61857008934021,0.6185697913169861,0.8351271152496338,0.8162232041358948,0.8162232041358948,9.765625e-07
268,17.451278686523438,0.34929993748664856,0.6185699105262756,0.61857008934021,0.835112988948822,0.8161342740058899,0.8161342740058899,9.765625e-07
269,17.45128059387207,0.34930017590522766,0.6185701489448547,0.618569552898407,0.8351856470108032,0.8161540627479553,0.8161540627479553,9.765625e-07
270,17.451274871826172,0.34930017590522766,0.6185701489448547,0.6185702085494995,0.8350603580474854,0.8161283135414124,0.8161283135414124,9.765625e-07
271,17.451274871826172,0.3492988049983978,0.6185703277587891,0.6185696125030518,0.8352340459823608,0.8161509037017822,0.8161509037017822,9.765625e-07
272,17.451278686523438,0.3493005037307739,0.61857008934021,0.6185697317123413,0.8351137638092041,0.8160884380340576,0.8160884380340576,9.765625e-07
273,17.451278686523438,0.34930098056793213,0.6185702681541443,0.6185697913169861,0.8353672027587891,0.8161603808403015,0.8161603808403015,9.765625e-07
274,17.451271057128906,0.34930017590522766,0.6185699105262756,0.61857008934021,0.8352099061012268,0.816161572933197,0.816161572933197,9.765625e-07
275,17.45128059387207,0.34929996728897095,0.6185700297355652,0.6185694932937622,0.8354091644287109,0.8160480260848999,0.8160480260848999,9.765625e-07
276,17.45127296447754,0.349300354719162,0.6185702085494995,0.6185702681541443,0.8350897431373596,0.8161847591400146,0.8161847591400146,9.765625e-07
277,17.45128631591797,0.34929972887039185,0.6185694932937622,0.6185700297355652,0.8351688385009766,0.8161544799804688,0.8161544799804688,9.765625e-07
278,17.451271057128906,0.3492997884750366,0.6185702681541443,0.6185699105262756,0.8349533677101135,0.816057562828064,0.816057562828064,9.765625e-07
279,17.451278686523438,0.3493000864982605,0.6185697913169861,0.6185703277587891,0.8351035714149475,0.8160901069641113,0.8160901069641113,9.765625e-07
280,17.451271057128906,0.3493000864982605,0.6185696125030518,0.6185698509216309,0.8349918127059937,0.8161547780036926,0.8161547780036926,9.765625e-07
281,17.451276779174805,0.34930017590522766,0.6185698509216309,0.6185700297355652,0.8351878523826599,0.8161989450454712,0.8161989450454712,9.765625e-07
282,17.45128059387207,0.34930115938186646,0.6185702085494995,0.6185701489448547,0.8353500962257385,0.8160829544067383,0.8160829544067383,9.765625e-07
283,17.451278686523438,0.3493001461029053,0.6185696125030518,0.6185702681541443,0.835000216960907,0.8161556720733643,0.8161556720733643,9.765625e-07
284,17.451265335083008,0.3492993414402008,0.61857008934021,0.618569552898407,0.8350703120231628,0.8162299394607544,0.8162299394607544,9.765625e-07
285,17.451276779174805,0.3492988049983978,0.6185702085494995,0.6185700297355652,0.8350754380226135,0.816125214099884,0.816125214099884,9.765625e-07
286,17.451265335083008,0.34929975867271423,0.6185699105262756,0.6185701489448547,0.8351165056228638,0.816094696521759,0.816094696521759,9.765625e-07
287,17.451278686523438,0.34930092096328735,0.6185700297355652,0.6185699105262756,0.8352257013320923,0.8161261677742004,0.8161261677742004,9.765625e-07
288,17.451282501220703,0.34929996728897095,0.6185703873634338,0.6185693740844727,0.8349376320838928,0.8162241578102112,0.8162241578102112,9.765625e-07
289,17.451271057128906,0.34929972887039185,0.61857008934021,0.6185696125030518,0.8352561593055725,0.8162388801574707,0.8162388801574707,9.765625e-07
290,17.451265335083008,0.3492998778820038,0.6185701489448547,0.6185696721076965,0.8353493809700012,0.8161431550979614,0.8161431550979614,9.765625e-07
291,17.451263427734375,0.3492995500564575,0.618569552898407,0.6185698509216309,0.8351212739944458,0.8162749409675598,0.8162749409675598,9.765625e-07
292,17.451271057128906,0.3492981195449829,0.6185696721076965,0.6185698509216309,0.8351350426673889,0.8161000609397888,0.8161000609397888,9.765625e-07
293,17.451265335083008,0.34930047392845154,0.6185700297355652,0.6185700297355652,0.8351251482963562,0.8161436915397644,0.8161436915397644,9.765625e-07
294,17.451274871826172,0.34930023550987244,0.6185699105262756,0.6185697913169861,0.8352282643318176,0.8162001371383667,0.8162001371383667,9.765625e-07
295,17.451282501220703,0.34930160641670227,0.6185706257820129,0.6185697913169861,0.8352356553077698,0.816138744354248,0.816138744354248,9.765625e-07
296,17.451271057128906,0.34929922223091125,0.618569552898407,0.6185700297355652,0.835423469543457,0.8161922693252563,0.8161922693252563,9.765625e-07
297,17.451271057128906,0.3493006229400635,0.6185703873634338,0.6185699105262756,0.8351391553878784,0.8161212801933289,0.8161212801933289,9.765625e-07
298,17.45127296447754,0.3492991626262665,0.6185702681541443,0.61857008934021,0.835117518901825,0.816178560256958,0.816178560256958,9.765625e-07
299,17.451265335083008,0.349296510219574,0.6185700297355652,0.6185697317123413,0.8351393342018127,0.8161188960075378,0.8161188960075378,2.4414064e-07
